cnpj,id,classe,fundo,minimo,taxa,estudo,fator,rendimento,data,patrimonio,calculo,momento,custo
00.066.670/0001-00,41562385000168,Fundo de Renda Fixa,SÃO MIGUEL ARCANJO FUNDO INCENTIVADO DE INVESTIMENTO EM INFRAESTRUTURA RENDA FIXA,0.0,55,41,20.00640595781418,1.0004089,20210722,20008178.54,0.32391358074024457,-18,430.5913020912639
00.066.670/0001-00,41562385000168,Fundo de Renda Fixa,SÃO MIGUEL ARCANJO FUNDO INCENTIVADO DE INVESTIMENTO EM INFRAESTRUTURA RENDA FIXA,0.0,55,41,20.00640595781418,0.9978986,20210723,19957973.1,0.25391193422330405,-9,39.426418789084316
00.066.670/0001-00,41562385000168,Fundo de Renda Fixa,SÃO MIGUEL ARCANJO FUNDO INCENTIVADO DE INVESTIMENTO EM INFRAESTRUTURA RENDA FIXA,0.0,55,41,20.00640595781418,0.9961437,20210726,19922874.43,0.2902055846161131,15,123.60431978937547
00.066.670/0001-00,41562385000168,Fundo de Renda Fixa,SÃO MIGUEL ARCANJO FUNDO INCENTIVADO DE INVESTIMENTO EM INFRAESTRUTURA RENDA FIXA,0.0,55,41,20.00640595781418,0.9935613999999999,20210727,19871229.9,0.500330248735465,22,138.32020738028584
00.066.670/0001-00,41562385000168,Fundo de Renda Fixa,SÃO MIGUEL ARCANJO FUNDO INCENTIVADO DE INVESTIMENTO EM INFRAESTRUTURA RENDA FIXA,0.0,55,41,20.00640595781418,0.9932708,20210728,19865417.89,0.11087801233330896,-29,156.35370685936388
00.066.670/0001-00,41562385000168,Fundo de Renda Fixa,SÃO MIGUEL ARCANJO FUNDO INCENTIVADO DE INVESTIMENTO EM INFRAESTRUTURA RENDA FIXA,0.0,55,41,20.00640595781418,0.9943114,20210729,19886229.32,0.07239985986739494,10,194.82840539805107
00.066.670/0001-00,41562385000168,Fundo de Renda Fixa,SÃO MIGUEL ARCANJO FUNDO INCENTIVADO DE INVESTIMENTO EM INFRAESTRUTURA RENDA FIXA,0.0,55,41,20.00640595781418,0.9895351,20210730,19790702.58,0.3272623441686059,-8,483.1590025252798
00.066.670/0001-00,41562385000168,Fundo de Renda Fixa,SÃO MIGUEL ARCANJO FUNDO INCENTIVADO DE INVESTIMENTO EM INFRAESTRUTURA RENDA FIXA,0.0,55,41,20.00640595781418,0.9903679,20210802,19807358.85,0.8201838002234014,-21,47.82356612088379
00.066.670/0001-00,41562385000168,Fundo de Renda Fixa,SÃO MIGUEL ARCANJO FUNDO INCENTIVADO DE INVESTIMENTO EM INFRAESTRUTURA RENDA FIXA,0.0,55,41,20.00640595781418,0.9924364,20210803,19848728.79,0.24313849013061006,-15,406.22149743617393
00.066.670/0001-00,41562385000168,Fundo de Renda Fixa,SÃO MIGUEL ARCANJO FUNDO INCENTIVADO DE INVESTIMENTO EM INFRAESTRUTURA RENDA FIXA,0.0,55,41,20.00640595781418,0.9917906999999999,20210804,19835815.09,0.5699605782858772,-3,306.0075847479502
00.066.670/0001-00,41562385000168,Fundo de Renda Fixa,SÃO MIGUEL ARCANJO FUNDO INCENTIVADO DE INVESTIMENTO EM INFRAESTRUTURA RENDA FIXA,0.0,55,41,20.00640595781418,0.9872152,20210805,19744305.76,0.15562290047739868,-27,140.70168421357215
00.066.670/0001-00,41562385000168,Fundo de Renda Fixa,SÃO MIGUEL ARCANJO FUNDO INCENTIVADO DE INVESTIMENTO EM INFRAESTRUTURA RENDA FIXA,0.0,55,41,20.00640595781418,0.9883664,20210806,19767328.69,0.3281413155761649,25,216.97885700314916
00.066.670/0001-00,41562385000168,Fundo de Renda Fixa,SÃO MIGUEL ARCANJO FUNDO INCENTIVADO DE INVESTIMENTO EM INFRAESTRUTURA RENDA FIXA,0.0,55,41,20.00640595781418,0.9856931,20210809,19713863.11,0.7471823776640696,24,448.9298266262072
00.066.670/0001-00,41562385000168,Fundo de Renda Fixa,SÃO MIGUEL ARCANJO FUNDO INCENTIVADO DE INVESTIMENTO EM INFRAESTRUTURA RENDA FIXA,0.0,55,41,20.00640595781418,0.9867722999999999,20210810,19735446.45,0.874665590966505,-27,273.8615274422865
00.066.670/0001-00,41562385000168,Fundo de Renda Fixa,SÃO MIGUEL ARCANJO FUNDO INCENTIVADO DE INVESTIMENTO EM INFRAESTRUTURA RENDA FIXA,0.0,55,41,20.00640595781418,0.9858600000000001,20210811,19717200.26,0.5794932521989118,-20,337.87172503188464
00.066.670/0001-00,41562385000168,Fundo de Renda Fixa,SÃO MIGUEL ARCANJO FUNDO INCENTIVADO DE INVESTIMENTO EM INFRAESTRUTURA RENDA FIXA,0.0,55,41,20.00640595781418,0.9830047999999999,20210812,19660096.81,0.5149500780970054,2,137.05804947417232
00.066.670/0001-00,41562385000168,Fundo de Renda Fixa,SÃO MIGUEL ARCANJO FUNDO INCENTIVADO DE INVESTIMENTO EM INFRAESTRUTURA RENDA FIXA,0.0,55,41,20.00640595781418,0.9783860999999999,20210813,19567722.09,0.26925583473167214,7,92.01319903227068
00.066.670/0001-00,41562385000168,Fundo de Renda Fixa,SÃO MIGUEL ARCANJO FUNDO INCENTIVADO DE INVESTIMENTO EM INFRAESTRUTURA RENDA FIXA,0.0,55,41,20.00640595781418,0.9763392999999999,20210816,19526786.21,0.639623894696364,10,50.08025180338299
00.066.670/0001-00,41562385000168,Fundo de Renda Fixa,SÃO MIGUEL ARCANJO FUNDO INCENTIVADO DE INVESTIMENTO EM INFRAESTRUTURA RENDA FIXA,0.0,55,41,20.00640595781418,0.9777068,20210817,19554136.75,0.17882973015785797,18,227.12828207525638
00.066.670/0001-00,41562385000168,Fundo de Renda Fixa,SÃO MIGUEL ARCANJO FUNDO INCENTIVADO DE INVESTIMENTO EM INFRAESTRUTURA RENDA FIXA,0.0,55,41,20.00640595781418,0.9712867,20210818,19425734.89,0.6848847990089266,-25,410.6301359559368
00.066.670/0001-00,41562385000168,Fundo de Renda Fixa,SÃO MIGUEL ARCANJO FUNDO INCENTIVADO DE INVESTIMENTO EM INFRAESTRUTURA RENDA FIXA,0.0,55,41,20.00640595781418,0.9739483999999999,20210819,19478968.92,0.4277714530320943,-18,181.6242255113807
00.066.670/0001-00,41562385000168,Fundo de Renda Fixa,SÃO MIGUEL ARCANJO FUNDO INCENTIVADO DE INVESTIMENTO EM INFRAESTRUTURA RENDA FIXA,0.0,55,41,20.00640595781418,0.9783086,20210820,19566172.1,0.38617044322190985,-9,50.84382909990859
00.066.670/0001-00,41562385000168,Fundo de Renda Fixa,SÃO MIGUEL ARCANJO FUNDO INCENTIVADO DE INVESTIMENTO EM INFRAESTRUTURA RENDA FIXA,0.0,55,41,20.00640595781418,0.9759918999999999,20210823,19519839.58,0.650676838863705,-29,38.0147488280585
00.066.670/0001-00,41562385000168,Fundo de Renda Fixa,SÃO MIGUEL ARCANJO FUNDO INCENTIVADO DE INVESTIMENTO EM INFRAESTRUTURA RENDA FIXA,0.0,55,41,20.00640595781418,0.9817678999999999,20210824,19635359.23,0.9541943091019748,-4,81.30254693126426
00.066.670/0001-00,41562385000168,Fundo de Renda Fixa,SÃO MIGUEL ARCANJO FUNDO INCENTIVADO DE INVESTIMENTO EM INFRAESTRUTURA RENDA FIXA,0.0,55,41,20.00640595781418,0.9885841,20210825,19771683.98,0.8286268318223965,22,333.04705735912637
00.066.670/0001-00,41562385000168,Fundo de Renda Fixa,SÃO MIGUEL ARCANJO FUNDO INCENTIVADO DE INVESTIMENTO EM INFRAESTRUTURA RENDA FIXA,0.0,55,41,20.00640595781418,0.9878739,20210826,19757479.07,0.4404839129146141,-7,235.43085968362283
00.066.670/0001-00,41562385000168,Fundo de Renda Fixa,SÃO MIGUEL ARCANJO FUNDO INCENTIVADO DE INVESTIMENTO EM INFRAESTRUTURA RENDA FIXA,0.0,55,41,20.00640595781418,0.9909492,20210827,19818985.63,0.32252655682395415,-21,327.15968407231077
00.066.670/0001-00,41562385000168,Fundo de Renda Fixa,SÃO MIGUEL ARCANJO FUNDO INCENTIVADO DE INVESTIMENTO EM INFRAESTRUTURA RENDA FIXA,0.0,55,41,20.00640595781418,0.9916419999999999,20210830,19832841.46,0.481103417528176,8,166.2584865459577
00.066.670/0001-00,41562385000168,Fundo de Renda Fixa,SÃO MIGUEL ARCANJO FUNDO INCENTIVADO DE INVESTIMENTO EM INFRAESTRUTURA RENDA FIXA,0.0,55,41,20.00640595781418,0.9888653,20210831,19777306.4,0.1920097826859789,8,454.58209519931813
00.066.670/0001-00,41562385000168,Fundo de Renda Fixa,SÃO MIGUEL ARCANJO FUNDO INCENTIVADO DE INVESTIMENTO EM INFRAESTRUTURA RENDA FIXA,0.0,55,41,20.00640595781418,0.9907417,20210901,19814834.43,0.6807330544478367,7,275.0150005573149
00.066.670/0001-00,41562385000168,Fundo de Renda Fixa,SÃO MIGUEL ARCANJO FUNDO INCENTIVADO DE INVESTIMENTO EM INFRAESTRUTURA RENDA FIXA,0.0,55,41,20.00640595781418,0.9857684999999999,20210902,19715370.71,0.41093460116374125,-3,106.98609804229048
00.066.670/0001-00,41562385000168,Fundo de Renda Fixa,SÃO MIGUEL ARCANJO FUNDO INCENTIVADO DE INVESTIMENTO EM INFRAESTRUTURA RENDA FIXA,0.0,55,41,20.00640595781418,0.9852643,20210903,19705286.71,0.03308771180725234,-13,103.80142315260082
00.066.670/0001-00,41562385000168,Fundo de Renda Fixa,SÃO MIGUEL ARCANJO FUNDO INCENTIVADO DE INVESTIMENTO EM INFRAESTRUTURA RENDA FIXA,0.0,55,41,20.00640595781418,0.9854613999999999,20210906,19709228.05,0.9079034295357755,-25,482.7830649237952
00.066.670/0001-00,41562385000168,Fundo de Renda Fixa,SÃO MIGUEL ARCANJO FUNDO INCENTIVADO DE INVESTIMENTO EM INFRAESTRUTURA RENDA FIXA,0.0,55,41,20.00640595781418,0.9814742,20210908,19629485.65,0.8901707710417069,-1,88.08484234420361
00.066.670/0001-00,41562385000168,Fundo de Renda Fixa,SÃO MIGUEL ARCANJO FUNDO INCENTIVADO DE INVESTIMENTO EM INFRAESTRUTURA RENDA FIXA,0.0,55,41,20.00640595781418,0.9867007999999999,20210909,19734017.28,0.7751262184503391,11,387.975531412354
00.066.670/0001-00,41562385000168,Fundo de Renda Fixa,SÃO MIGUEL ARCANJO FUNDO INCENTIVADO DE INVESTIMENTO EM INFRAESTRUTURA RENDA FIXA,0.0,55,41,20.00640595781418,0.9872348,20210910,19744697.23,0.4532062289630737,-6,459.74761560105463
00.066.670/0001-00,41562385000168,Fundo de Renda Fixa,SÃO MIGUEL ARCANJO FUNDO INCENTIVADO DE INVESTIMENTO EM INFRAESTRUTURA RENDA FIXA,0.0,55,41,20.00640595781418,0.9877475,20210913,19754951.68,0.03615475552654068,-22,405.2711399864608
00.066.670/0001-00,41562385000168,Fundo de Renda Fixa,SÃO MIGUEL ARCANJO FUNDO INCENTIVADO DE INVESTIMENTO EM INFRAESTRUTURA RENDA FIXA,0.0,55,41,20.00640595781418,0.9886585,20210914,19773171.34,0.47100547742924304,-3,244.65748502994046
00.066.670/0001-00,41562385000168,Fundo de Renda Fixa,SÃO MIGUEL ARCANJO FUNDO INCENTIVADO DE INVESTIMENTO EM INFRAESTRUTURA RENDA FIXA,0.0,55,41,20.00640595781418,0.9899388,20210915,19798776.84,0.559586714438808,24,81.21885010906438
00.066.670/0001-00,41562385000168,Fundo de Renda Fixa,SÃO MIGUEL ARCANJO FUNDO INCENTIVADO DE INVESTIMENTO EM INFRAESTRUTURA RENDA FIXA,0.0,55,41,20.00640595781418,0.9890331,20210916,19780663.31,0.36577113423718466,2,279.72214313867823
00.066.670/0001-00,41562385000168,Fundo de Renda Fixa,SÃO MIGUEL ARCANJO FUNDO INCENTIVADO DE INVESTIMENTO EM INFRAESTRUTURA RENDA FIXA,0.0,55,41,20.00640595781418,0.9881251999999999,20210917,19762505.85,0.8434783076593415,-29,34.717652125476725
00.066.670/0001-00,41562385000168,Fundo de Renda Fixa,SÃO MIGUEL ARCANJO FUNDO INCENTIVADO DE INVESTIMENTO EM INFRAESTRUTURA RENDA FIXA,0.0,55,41,20.00640595781418,0.9885077,20210920,19770155.12,0.8676084666308465,-2,213.93977208325626
00.066.670/0001-00,41562385000168,Fundo de Renda Fixa,SÃO MIGUEL ARCANJO FUNDO INCENTIVADO DE INVESTIMENTO EM INFRAESTRUTURA RENDA FIXA,0.0,55,41,20.00640595781418,0.9914949,20210921,19829899.8,0.037211332051679036,6,80.551904118772
00.066.670/0001-00,41562385000168,Fundo de Renda Fixa,SÃO MIGUEL ARCANJO FUNDO INCENTIVADO DE INVESTIMENTO EM INFRAESTRUTURA RENDA FIXA,0.0,55,41,20.00640595781418,0.9913753,20210922,19827506.87,0.9207360372393099,-19,15.487481572466544
00.066.670/0001-00,41562385000168,Fundo de Renda Fixa,SÃO MIGUEL ARCANJO FUNDO INCENTIVADO DE INVESTIMENTO EM INFRAESTRUTURA RENDA FIXA,0.0,55,41,20.00640595781418,0.9894369,20210923,19788739.71,0.5900919280261092,-28,48.41187244311218
00.066.670/0001-00,41562385000168,Fundo de Renda Fixa,SÃO MIGUEL ARCANJO FUNDO INCENTIVADO DE INVESTIMENTO EM INFRAESTRUTURA RENDA FIXA,0.0,55,41,20.00640595781418,0.9888245999999999,20210924,19776493.29,0.6764339963403806,-24,116.95237844291806
00.066.670/0001-00,41562385000168,Fundo de Renda Fixa,SÃO MIGUEL ARCANJO FUNDO INCENTIVADO DE INVESTIMENTO EM INFRAESTRUTURA RENDA FIXA,0.0,55,41,20.00640595781418,0.9887617,20210927,19775235.4,0.1398056055827105,22,213.1822556891641
00.066.670/0001-00,41562385000168,Fundo de Renda Fixa,SÃO MIGUEL ARCANJO FUNDO INCENTIVADO DE INVESTIMENTO EM INFRAESTRUTURA RENDA FIXA,0.0,55,41,20.00640595781418,0.9904476,20210928,19808952.25,0.23960370731793523,17,1.5684096786163226
00.066.670/0001-00,41562385000168,Fundo de Renda Fixa,SÃO MIGUEL ARCANJO FUNDO INCENTIVADO DE INVESTIMENTO EM INFRAESTRUTURA RENDA FIXA,0.0,55,41,20.00640595781418,0.9919528999999999,20210929,19839059.02,0.2844716664472874,-15,164.49375370710513
00.066.670/0001-00,41562385000168,Fundo de Renda Fixa,SÃO MIGUEL ARCANJO FUNDO INCENTIVADO DE INVESTIMENTO EM INFRAESTRUTURA RENDA FIXA,0.0,55,41,20.00640595781418,0.9921878593000001,20210930,19843758.21,0.5480662459748472,-24,422.0595221374151
00.360.305/0001-04,17503172000180,Fundo de Ações,FUNDO DE INVESTIMENTO EM AÇÕES CAIXA BDR NÍVEL I,0.0,56,28,-41.885935555719165,5.605386,20210722,848121146.63,0.2971709562986482,22,126.54837615244263
00.360.305/0001-04,17503172000180,Fundo de Ações,FUNDO DE INVESTIMENTO EM AÇÕES CAIXA BDR NÍVEL I,0.0,56,28,-41.885935555719165,5.648726,20210723,853528583.01,0.6857794533029503,23,152.20735651186013
00.360.305/0001-04,17503172000180,Fundo de Ações,FUNDO DE INVESTIMENTO EM AÇÕES CAIXA BDR NÍVEL I,0.0,56,28,-41.885935555719165,5.617416,20210726,848155501.19,0.7796577369281771,-21,80.95729753474362
00.360.305/0001-04,17503172000180,Fundo de Ações,FUNDO DE INVESTIMENTO EM AÇÕES CAIXA BDR NÍVEL I,0.0,56,28,-41.885935555719165,5.547089,20210727,837354459.84,0.5163047279474265,2,351.4171290388863
00.360.305/0001-04,17503172000180,Fundo de Ações,FUNDO DE INVESTIMENTO EM AÇÕES CAIXA BDR NÍVEL I,0.0,56,28,-41.885935555719165,5.521429,20210728,832414685.89,0.399172152689096,-28,435.3766844620929
00.360.305/0001-04,17503172000180,Fundo de Ações,FUNDO DE INVESTIMENTO EM AÇÕES CAIXA BDR NÍVEL I,0.0,56,28,-41.885935555719165,5.475965,20210729,825611221.12,0.9734699888635107,-23,163.0554752361862
00.360.305/0001-04,17503172000180,Fundo de Ações,FUNDO DE INVESTIMENTO EM AÇÕES CAIXA BDR NÍVEL I,0.0,56,28,-41.885935555719165,5.564761,20210730,839508533.02,0.20278635674731027,10,408.67898405657417
00.360.305/0001-04,17503172000180,Fundo de Ações,FUNDO DE INVESTIMENTO EM AÇÕES CAIXA BDR NÍVEL I,0.0,56,28,-41.885935555719165,5.537011,20210802,834901051.6,0.7111645630065188,-28,239.13396122013847
00.360.305/0001-04,17503172000180,Fundo de Ações,FUNDO DE INVESTIMENTO EM AÇÕES CAIXA BDR NÍVEL I,0.0,56,28,-41.885935555719165,5.593441,20210803,845522252.65,0.8557513306434477,16,417.9898551373548
00.360.305/0001-04,17503172000180,Fundo de Ações,FUNDO DE INVESTIMENTO EM AÇÕES CAIXA BDR NÍVEL I,0.0,56,28,-41.885935555719165,5.591155,20210804,845214975.51,0.9387605238265534,27,497.2977552409891
00.360.305/0001-04,17503172000180,Fundo de Ações,FUNDO DE INVESTIMENTO EM AÇÕES CAIXA BDR NÍVEL I,0.0,56,28,-41.885935555719165,5.640401,20210805,852332927.42,0.6190623874103578,-20,31.407230083974945
00.360.305/0001-04,17503172000180,Fundo de Ações,FUNDO DE INVESTIMENTO EM AÇÕES CAIXA BDR NÍVEL I,0.0,56,28,-41.885935555719165,5.670171,20210806,857064388.17,0.35037041750643183,-23,301.33370886153176
00.360.305/0001-04,17503172000180,Fundo de Ações,FUNDO DE INVESTIMENTO EM AÇÕES CAIXA BDR NÍVEL I,0.0,56,28,-41.885935555719165,5.662561,20210809,856065225.03,0.11489269838356342,22,481.30622637515233
00.360.305/0001-04,17503172000180,Fundo de Ações,FUNDO DE INVESTIMENTO EM AÇÕES CAIXA BDR NÍVEL I,0.0,56,28,-41.885935555719165,5.622387,20210810,847233379.12,0.26886450993535127,-27,314.60992553211037
00.360.305/0001-04,17503172000180,Fundo de Ações,FUNDO DE INVESTIMENTO EM AÇÕES CAIXA BDR NÍVEL I,0.0,56,28,-41.885935555719165,5.655892,20210811,852234686.93,0.012675726686998012,18,91.3934538076871
00.360.305/0001-04,17503172000180,Fundo de Ações,FUNDO DE INVESTIMENTO EM AÇÕES CAIXA BDR NÍVEL I,0.0,56,28,-41.885935555719165,5.703542,20210812,859746644.6,0.04160114220594224,7,181.95096728046357
00.360.305/0001-04,17503172000180,Fundo de Ações,FUNDO DE INVESTIMENTO EM AÇÕES CAIXA BDR NÍVEL I,0.0,56,28,-41.885935555719165,5.701557,20210813,860799826.09,0.49096793920013526,18,263.65586090138476
00.360.305/0001-04,17503172000180,Fundo de Ações,FUNDO DE INVESTIMENTO EM AÇÕES CAIXA BDR NÍVEL I,0.0,56,28,-41.885935555719165,5.739765,20210816,867977289.24,0.02902948729453947,-20,298.684396969115
00.360.305/0001-04,17503172000180,Fundo de Ações,FUNDO DE INVESTIMENTO EM AÇÕES CAIXA BDR NÍVEL I,0.0,56,28,-41.885935555719165,5.679952,20210817,858583582.57,0.12320440412650646,6,164.45482144885253
00.360.305/0001-04,17503172000180,Fundo de Ações,FUNDO DE INVESTIMENTO EM AÇÕES CAIXA BDR NÍVEL I,0.0,56,28,-41.885935555719165,5.741432,20210818,866670259.78,0.49074864356584946,-1,116.58325620608467
00.360.305/0001-04,17503172000180,Fundo de Ações,FUNDO DE INVESTIMENTO EM AÇÕES CAIXA BDR NÍVEL I,0.0,56,28,-41.885935555719165,5.784183,20210819,871603716.16,0.8542723515273019,25,270.8235698323907
00.360.305/0001-04,17503172000180,Fundo de Ações,FUNDO DE INVESTIMENTO EM AÇÕES CAIXA BDR NÍVEL I,0.0,56,28,-41.885935555719165,5.789484,20210820,874185912.04,0.9041266156140496,-12,348.70862175887675
00.360.305/0001-04,17503172000180,Fundo de Ações,FUNDO DE INVESTIMENTO EM AÇÕES CAIXA BDR NÍVEL I,0.0,56,28,-41.885935555719165,5.850843,20210823,885603394.79,0.8615103627930166,26,257.2156109164737
00.360.305/0001-04,17503172000180,Fundo de Ações,FUNDO DE INVESTIMENTO EM AÇÕES CAIXA BDR NÍVEL I,0.0,56,28,-41.885935555719165,5.742672,20210824,871402109.34,0.23363148207287643,-16,103.32846504373
00.360.305/0001-04,17503172000180,Fundo de Ações,FUNDO DE INVESTIMENTO EM AÇÕES CAIXA BDR NÍVEL I,0.0,56,28,-41.885935555719165,5.690604,20210825,862234087.62,0.15521090424095718,22,262.375181010092
00.360.305/0001-04,17503172000180,Fundo de Ações,FUNDO DE INVESTIMENTO EM AÇÕES CAIXA BDR NÍVEL I,0.0,56,28,-41.885935555719165,5.714197,20210826,866566176.29,0.6054366483897939,-17,97.33021426322746
00.360.305/0001-04,17503172000180,Fundo de Ações,FUNDO DE INVESTIMENTO EM AÇÕES CAIXA BDR NÍVEL I,0.0,56,28,-41.885935555719165,5.68629,20210827,863487848.77,0.820109149196386,-12,61.2431345548281
00.360.305/0001-04,17503172000180,Fundo de Ações,FUNDO DE INVESTIMENTO EM AÇÕES CAIXA BDR NÍVEL I,0.0,56,28,-41.885935555719165,5.737753,20210830,871131849.15,0.01800308327078537,-29,114.02916065509194
00.360.305/0001-04,17503172000180,Fundo de Ações,FUNDO DE INVESTIMENTO EM AÇÕES CAIXA BDR NÍVEL I,0.0,56,28,-41.885935555719165,5.6955919999999995,20210831,865136834.69,0.9576686432333869,-16,124.31695404442023
00.360.305/0001-04,17503172000180,Fundo de Ações,FUNDO DE INVESTIMENTO EM AÇÕES CAIXA BDR NÍVEL I,0.0,56,28,-41.885935555719165,5.7363669999999995,20210901,869639680.36,0.8167419534809892,28,409.8369777268062
00.360.305/0001-04,17503172000180,Fundo de Ações,FUNDO DE INVESTIMENTO EM AÇÕES CAIXA BDR NÍVEL I,0.0,56,28,-41.885935555719165,5.722049,20210902,867499873.21,0.436898514749248,22,81.15803285636531
00.360.305/0001-04,17503172000180,Fundo de Ações,FUNDO DE INVESTIMENTO EM AÇÕES CAIXA BDR NÍVEL I,0.0,56,28,-41.885935555719165,5.731609,20210903,870875382.73,0.8004084001856913,13,496.2550295094471
00.360.305/0001-04,17503172000180,Fundo de Ações,FUNDO DE INVESTIMENTO EM AÇÕES CAIXA BDR NÍVEL I,0.0,56,28,-41.885935555719165,5.7331389999999995,20210906,871385066.72,0.6319116627392689,1,187.5044113303625
00.360.305/0001-04,17503172000180,Fundo de Ações,FUNDO DE INVESTIMENTO EM AÇÕES CAIXA BDR NÍVEL I,0.0,56,28,-41.885935555719165,5.827505,20210908,885943818.25,0.16338966387431064,-5,353.623354536473
00.360.305/0001-04,17503172000180,Fundo de Ações,FUNDO DE INVESTIMENTO EM AÇÕES CAIXA BDR NÍVEL I,0.0,56,28,-41.885935555719165,5.713811,20210909,868028186.68,0.10898328829236792,3,68.9399037602807
00.360.305/0001-04,17503172000180,Fundo de Ações,FUNDO DE INVESTIMENTO EM AÇÕES CAIXA BDR NÍVEL I,0.0,56,28,-41.885935555719165,5.709005,20210910,868900240.18,0.933893435729801,-11,254.8364854346012
00.360.305/0001-04,17503172000180,Fundo de Ações,FUNDO DE INVESTIMENTO EM AÇÕES CAIXA BDR NÍVEL I,0.0,56,28,-41.885935555719165,5.67125,20210913,864301167.74,0.7945912169790083,27,357.51808423081945
00.360.305/0001-04,17503172000180,Fundo de Ações,FUNDO DE INVESTIMENTO EM AÇÕES CAIXA BDR NÍVEL I,0.0,56,28,-41.885935555719165,5.672233,20210914,864611738.86,0.380183042190832,0,187.1720145963639
00.360.305/0001-04,17503172000180,Fundo de Ações,FUNDO DE INVESTIMENTO EM AÇÕES CAIXA BDR NÍVEL I,0.0,56,28,-41.885935555719165,5.703515,20210915,871699961.53,0.49116862437685294,22,403.1065597159868
00.360.305/0001-04,17503172000180,Fundo de Ações,FUNDO DE INVESTIMENTO EM AÇÕES CAIXA BDR NÍVEL I,0.0,56,28,-41.885935555719165,5.724461,20210916,875390248.74,0.3872088956863641,5,274.219844330031
00.360.305/0001-04,17503172000180,Fundo de Ações,FUNDO DE INVESTIMENTO EM AÇÕES CAIXA BDR NÍVEL I,0.0,56,28,-41.885935555719165,5.647082,20210917,864658842.23,0.894985299057708,-15,22.375083491436463
00.360.305/0001-04,17503172000180,Fundo de Ações,FUNDO DE INVESTIMENTO EM AÇÕES CAIXA BDR NÍVEL I,0.0,56,28,-41.885935555719165,5.619588,20210920,860018329.53,0.6832960870836342,-14,328.450259668362
00.360.305/0001-04,17503172000180,Fundo de Ações,FUNDO DE INVESTIMENTO EM AÇÕES CAIXA BDR NÍVEL I,0.0,56,28,-41.885935555719165,5.599886,20210921,854122580.71,0.12813232809703423,12,286.36994079680045
00.360.305/0001-04,17503172000180,Fundo de Ações,FUNDO DE INVESTIMENTO EM AÇÕES CAIXA BDR NÍVEL I,0.0,56,28,-41.885935555719165,5.649547,20210922,862659434.55,0.744532811920435,-6,332.65854073758163
00.360.305/0001-04,17503172000180,Fundo de Ações,FUNDO DE INVESTIMENTO EM AÇÕES CAIXA BDR NÍVEL I,0.0,56,28,-41.885935555719165,5.724871,20210923,873868474.77,0.3453217419634911,-26,237.86433611009656
00.360.305/0001-04,17503172000180,Fundo de Ações,FUNDO DE INVESTIMENTO EM AÇÕES CAIXA BDR NÍVEL I,0.0,56,28,-41.885935555719165,5.770201,20210924,881916356.85,0.3005140737778218,-22,23.744565820488784
00.360.305/0001-04,17503172000180,Fundo de Ações,FUNDO DE INVESTIMENTO EM AÇÕES CAIXA BDR NÍVEL I,0.0,56,28,-41.885935555719165,5.788042,20210927,882304963.38,0.7517840767268394,24,366.71825785113754
00.360.305/0001-04,17503172000180,Fundo de Ações,FUNDO DE INVESTIMENTO EM AÇÕES CAIXA BDR NÍVEL I,0.0,56,28,-41.885935555719165,5.701963,20210928,869952422.08,0.2732588393068217,-29,298.90536477064853
00.360.305/0001-04,17503172000180,Fundo de Ações,FUNDO DE INVESTIMENTO EM AÇÕES CAIXA BDR NÍVEL I,0.0,56,28,-41.885935555719165,5.702667,20210929,868943180.19,0.5435719555835837,28,145.99733507519719
00.360.305/0001-04,17503172000180,Fundo de Ações,FUNDO DE INVESTIMENTO EM AÇÕES CAIXA BDR NÍVEL I,0.0,56,28,-41.885935555719165,5.6777239999999995,20210930,863989586.94,0.14581880398353486,4,474.38160480700185
60.701.190/0001-04,27945502000141,Fundo de Renda Fixa,ITAÚ FLEXPREV JURO REAL TARGET 2026 RENDA FIXA FUNDO DE  INV EM COTAS DE FUNDOS DE INV,0.0,19,-72,-20.436619733686346,14.141697,20210722,252122007.78,0.7497504093996996,-16,235.26587032238882
60.701.190/0001-04,27945502000141,Fundo de Renda Fixa,ITAÚ FLEXPREV JURO REAL TARGET 2026 RENDA FIXA FUNDO DE  INV EM COTAS DE FUNDOS DE INV,0.0,19,-72,-20.436619733686346,14.096149,20210723,251131911.78,0.01994449872115911,-15,52.345638828452444
60.701.190/0001-04,27945502000141,Fundo de Renda Fixa,ITAÚ FLEXPREV JURO REAL TARGET 2026 RENDA FIXA FUNDO DE  INV EM COTAS DE FUNDOS DE INV,0.0,19,-72,-20.436619733686346,14.071307,20210726,249691383.31,0.5746362764590347,8,159.0886379019762
60.701.190/0001-04,27945502000141,Fundo de Renda Fixa,ITAÚ FLEXPREV JURO REAL TARGET 2026 RENDA FIXA FUNDO DE  INV EM COTAS DE FUNDOS DE INV,0.0,19,-72,-20.436619733686346,14.036588,20210727,248477303.03,0.8673809310359797,-13,54.80146347972059
60.701.190/0001-04,27945502000141,Fundo de Renda Fixa,ITAÚ FLEXPREV JURO REAL TARGET 2026 RENDA FIXA FUNDO DE  INV EM COTAS DE FUNDOS DE INV,0.0,19,-72,-20.436619733686346,14.02696,20210728,247431403.71,0.8656590052598317,20,28.75931400076587
60.701.190/0001-04,27945502000141,Fundo de Renda Fixa,ITAÚ FLEXPREV JURO REAL TARGET 2026 RENDA FIXA FUNDO DE  INV EM COTAS DE FUNDOS DE INV,0.0,19,-72,-20.436619733686346,14.043142,20210729,248126472.13,0.31605158264290134,13,399.0112177525118
60.701.190/0001-04,27945502000141,Fundo de Renda Fixa,ITAÚ FLEXPREV JURO REAL TARGET 2026 RENDA FIXA FUNDO DE  INV EM COTAS DE FUNDOS DE INV,0.0,19,-72,-20.436619733686346,13.975863,20210730,246812591.09,0.5726393152810838,-25,178.0755710942062
60.701.190/0001-04,27945502000141,Fundo de Renda Fixa,ITAÚ FLEXPREV JURO REAL TARGET 2026 RENDA FIXA FUNDO DE  INV EM COTAS DE FUNDOS DE INV,0.0,19,-72,-20.436619733686346,13.97678,20210802,245256601.04,0.9841452366620853,-18,481.0212701467937
60.701.190/0001-04,27945502000141,Fundo de Renda Fixa,ITAÚ FLEXPREV JURO REAL TARGET 2026 RENDA FIXA FUNDO DE  INV EM COTAS DE FUNDOS DE INV,0.0,19,-72,-20.436619733686346,14.002996,20210803,245112421.5,0.18495939214005874,-5,25.54987780336865
60.701.190/0001-04,27945502000141,Fundo de Renda Fixa,ITAÚ FLEXPREV JURO REAL TARGET 2026 RENDA FIXA FUNDO DE  INV EM COTAS DE FUNDOS DE INV,0.0,19,-72,-20.436619733686346,13.993172,20210804,244201070.39,0.42146219056575107,17,331.85212379267534
60.701.190/0001-04,27945502000141,Fundo de Renda Fixa,ITAÚ FLEXPREV JURO REAL TARGET 2026 RENDA FIXA FUNDO DE  INV EM COTAS DE FUNDOS DE INV,0.0,19,-72,-20.436619733686346,13.922894,20210805,240701685.89,0.6149739518626545,-27,9.7629119634699
60.701.190/0001-04,27945502000141,Fundo de Renda Fixa,ITAÚ FLEXPREV JURO REAL TARGET 2026 RENDA FIXA FUNDO DE  INV EM COTAS DE FUNDOS DE INV,0.0,19,-72,-20.436619733686346,13.944181,20210806,240266667.16,0.9781712679518039,-1,496.2198792814034
60.701.190/0001-04,27945502000141,Fundo de Renda Fixa,ITAÚ FLEXPREV JURO REAL TARGET 2026 RENDA FIXA FUNDO DE  INV EM COTAS DE FUNDOS DE INV,0.0,19,-72,-20.436619733686346,13.914504,20210809,238227972.82,0.19337725934598726,21,13.446992240352895
60.701.190/0001-04,27945502000141,Fundo de Renda Fixa,ITAÚ FLEXPREV JURO REAL TARGET 2026 RENDA FIXA FUNDO DE  INV EM COTAS DE FUNDOS DE INV,0.0,19,-72,-20.436619733686346,13.928549,20210810,237636569.82,0.8922514589896174,-28,343.00784716758295
60.701.190/0001-04,27945502000141,Fundo de Renda Fixa,ITAÚ FLEXPREV JURO REAL TARGET 2026 RENDA FIXA FUNDO DE  INV EM COTAS DE FUNDOS DE INV,0.0,19,-72,-20.436619733686346,13.916036,20210811,236410919.54,0.5957324139748481,-29,175.94461264808814
60.701.190/0001-04,27945502000141,Fundo de Renda Fixa,ITAÚ FLEXPREV JURO REAL TARGET 2026 RENDA FIXA FUNDO DE  INV EM COTAS DE FUNDOS DE INV,0.0,19,-72,-20.436619733686346,13.879145,20210812,234805124.17,0.4947719742681682,-11,341.28405069690155
60.701.190/0001-04,27945502000141,Fundo de Renda Fixa,ITAÚ FLEXPREV JURO REAL TARGET 2026 RENDA FIXA FUNDO DE  INV EM COTAS DE FUNDOS DE INV,0.0,19,-72,-20.436619733686346,13.826726,20210813,232891330.29,0.08217936924369285,-1,388.57012943160595
60.701.190/0001-04,27945502000141,Fundo de Renda Fixa,ITAÚ FLEXPREV JURO REAL TARGET 2026 RENDA FIXA FUNDO DE  INV EM COTAS DE FUNDOS DE INV,0.0,19,-72,-20.436619733686346,13.798591,20210816,231346662.99,0.7836611536800416,15,323.3334569175508
60.701.190/0001-04,27945502000141,Fundo de Renda Fixa,ITAÚ FLEXPREV JURO REAL TARGET 2026 RENDA FIXA FUNDO DE  INV EM COTAS DE FUNDOS DE INV,0.0,19,-72,-20.436619733686346,13.816046,20210817,230873120.79,0.11748892600763694,22,345.4556992844315
60.701.190/0001-04,27945502000141,Fundo de Renda Fixa,ITAÚ FLEXPREV JURO REAL TARGET 2026 RENDA FIXA FUNDO DE  INV EM COTAS DE FUNDOS DE INV,0.0,19,-72,-20.436619733686346,13.736606,20210818,228347270.69,0.14231303302231724,-25,239.75897362015706
60.701.190/0001-04,27945502000141,Fundo de Renda Fixa,ITAÚ FLEXPREV JURO REAL TARGET 2026 RENDA FIXA FUNDO DE  INV EM COTAS DE FUNDOS DE INV,0.0,19,-72,-20.436619733686346,13.76202,20210819,226744392.42,0.4667854042907007,2,257.40285874455384
60.701.190/0001-04,27945502000141,Fundo de Renda Fixa,ITAÚ FLEXPREV JURO REAL TARGET 2026 RENDA FIXA FUNDO DE  INV EM COTAS DE FUNDOS DE INV,0.0,19,-72,-20.436619733686346,13.810333,20210820,227537162.55,0.9884271426803376,-12,52.96097218384016
60.701.190/0001-04,27945502000141,Fundo de Renda Fixa,ITAÚ FLEXPREV JURO REAL TARGET 2026 RENDA FIXA FUNDO DE  INV EM COTAS DE FUNDOS DE INV,0.0,19,-72,-20.436619733686346,13.778156,20210823,226860493.51,0.33215229265270185,20,433.89931025576954
60.701.190/0001-04,27945502000141,Fundo de Renda Fixa,ITAÚ FLEXPREV JURO REAL TARGET 2026 RENDA FIXA FUNDO DE  INV EM COTAS DE FUNDOS DE INV,0.0,19,-72,-20.436619733686346,13.840678,20210824,226821749.56,0.05244332363030901,-29,6.601568564954641
60.701.190/0001-04,27945502000141,Fundo de Renda Fixa,ITAÚ FLEXPREV JURO REAL TARGET 2026 RENDA FIXA FUNDO DE  INV EM COTAS DE FUNDOS DE INV,0.0,19,-72,-20.436619733686346,13.911617,20210825,227484219.51,0.40653619668329677,-16,42.40320845726892
60.701.190/0001-04,27945502000141,Fundo de Renda Fixa,ITAÚ FLEXPREV JURO REAL TARGET 2026 RENDA FIXA FUNDO DE  INV EM COTAS DE FUNDOS DE INV,0.0,19,-72,-20.436619733686346,13.911274,20210826,225008436.32,0.950006512102963,9,28.352909493479352
60.701.190/0001-04,27945502000141,Fundo de Renda Fixa,ITAÚ FLEXPREV JURO REAL TARGET 2026 RENDA FIXA FUNDO DE  INV EM COTAS DE FUNDOS DE INV,0.0,19,-72,-20.436619733686346,13.953124,20210827,218237155.0,0.7839981597899423,-9,312.3678925628387
60.701.190/0001-04,27945502000141,Fundo de Renda Fixa,ITAÚ FLEXPREV JURO REAL TARGET 2026 RENDA FIXA FUNDO DE  INV EM COTAS DE FUNDOS DE INV,0.0,19,-72,-20.436619733686346,13.955837,20210830,217334095.28,0.48603424037553633,28,52.652821425285154
60.701.190/0001-04,27945502000141,Fundo de Renda Fixa,ITAÚ FLEXPREV JURO REAL TARGET 2026 RENDA FIXA FUNDO DE  INV EM COTAS DE FUNDOS DE INV,0.0,19,-72,-20.436619733686346,13.917126,20210831,214456050.01,0.016522573993395517,5,311.2633523136683
60.701.190/0001-04,27945502000141,Fundo de Renda Fixa,ITAÚ FLEXPREV JURO REAL TARGET 2026 RENDA FIXA FUNDO DE  INV EM COTAS DE FUNDOS DE INV,0.0,19,-72,-20.436619733686346,13.931006,20210901,214443490.56,0.49425028916876,20,254.33708519052595
60.701.190/0001-04,27945502000141,Fundo de Renda Fixa,ITAÚ FLEXPREV JURO REAL TARGET 2026 RENDA FIXA FUNDO DE  INV EM COTAS DE FUNDOS DE INV,0.0,19,-72,-20.436619733686346,13.890073,20210902,212403886.2,0.6704348571534513,-11,13.097463845769708
60.701.190/0001-04,27945502000141,Fundo de Renda Fixa,ITAÚ FLEXPREV JURO REAL TARGET 2026 RENDA FIXA FUNDO DE  INV EM COTAS DE FUNDOS DE INV,0.0,19,-72,-20.436619733686346,13.88343,20210903,210438336.2,0.7395382199595295,21,425.54263307248436
60.701.190/0001-04,27945502000141,Fundo de Renda Fixa,ITAÚ FLEXPREV JURO REAL TARGET 2026 RENDA FIXA FUNDO DE  INV EM COTAS DE FUNDOS DE INV,0.0,19,-72,-20.436619733686346,13.891645,20210906,209530225.6,0.6666463600356142,-28,203.3222887432266
60.701.190/0001-04,27945502000141,Fundo de Renda Fixa,ITAÚ FLEXPREV JURO REAL TARGET 2026 RENDA FIXA FUNDO DE  INV EM COTAS DE FUNDOS DE INV,0.0,19,-72,-20.436619733686346,13.841538,20210908,206000928.12,0.24610117127113496,-22,37.702811086566925
60.701.190/0001-04,27945502000141,Fundo de Renda Fixa,ITAÚ FLEXPREV JURO REAL TARGET 2026 RENDA FIXA FUNDO DE  INV EM COTAS DE FUNDOS DE INV,0.0,19,-72,-20.436619733686346,13.908552,20210909,206042489.25,0.9342519080161603,23,54.03754748464912
60.701.190/0001-04,27945502000141,Fundo de Renda Fixa,ITAÚ FLEXPREV JURO REAL TARGET 2026 RENDA FIXA FUNDO DE  INV EM COTAS DE FUNDOS DE INV,0.0,19,-72,-20.436619733686346,13.915507999999999,20210910,205867843.46,0.16375389902448445,14,450.7793702701694
60.701.190/0001-04,27945502000141,Fundo de Renda Fixa,ITAÚ FLEXPREV JURO REAL TARGET 2026 RENDA FIXA FUNDO DE  INV EM COTAS DE FUNDOS DE INV,0.0,19,-72,-20.436619733686346,13.936713,20210913,205966439.16,0.012400180260117133,-23,423.11144395568925
60.701.190/0001-04,27945502000141,Fundo de Renda Fixa,ITAÚ FLEXPREV JURO REAL TARGET 2026 RENDA FIXA FUNDO DE  INV EM COTAS DE FUNDOS DE INV,0.0,19,-72,-20.436619733686346,13.966433,20210914,205987836.73,0.7126791043744672,-3,54.14654299417665
60.701.190/0001-04,27945502000141,Fundo de Renda Fixa,ITAÚ FLEXPREV JURO REAL TARGET 2026 RENDA FIXA FUNDO DE  INV EM COTAS DE FUNDOS DE INV,0.0,19,-72,-20.436619733686346,13.98182,20210915,203302505.18,0.5084391811284026,-19,99.81279433407786
60.701.190/0001-04,27945502000141,Fundo de Renda Fixa,ITAÚ FLEXPREV JURO REAL TARGET 2026 RENDA FIXA FUNDO DE  INV EM COTAS DE FUNDOS DE INV,0.0,19,-72,-20.436619733686346,13.972221,20210916,202440918.93,0.44080626227414244,-16,398.1836697981107
60.701.190/0001-04,27945502000141,Fundo de Renda Fixa,ITAÚ FLEXPREV JURO REAL TARGET 2026 RENDA FIXA FUNDO DE  INV EM COTAS DE FUNDOS DE INV,0.0,19,-72,-20.436619733686346,13.962063,20210917,201182623.65,0.45412738960956023,19,12.984630260243769
60.701.190/0001-04,27945502000141,Fundo de Renda Fixa,ITAÚ FLEXPREV JURO REAL TARGET 2026 RENDA FIXA FUNDO DE  INV EM COTAS DE FUNDOS DE INV,0.0,19,-72,-20.436619733686346,13.967275,20210920,200727861.39,0.25885731670954626,-8,83.69915638721476
60.701.190/0001-04,27945502000141,Fundo de Renda Fixa,ITAÚ FLEXPREV JURO REAL TARGET 2026 RENDA FIXA FUNDO DE  INV EM COTAS DE FUNDOS DE INV,0.0,19,-72,-20.436619733686346,14.000636,20210921,200739962.2,0.08799009629848875,-26,239.95356308246357
60.701.190/0001-04,27945502000141,Fundo de Renda Fixa,ITAÚ FLEXPREV JURO REAL TARGET 2026 RENDA FIXA FUNDO DE  INV EM COTAS DE FUNDOS DE INV,0.0,19,-72,-20.436619733686346,13.997298,20210922,199911608.3,0.825855383135506,-19,340.6216007073906
60.701.190/0001-04,27945502000141,Fundo de Renda Fixa,ITAÚ FLEXPREV JURO REAL TARGET 2026 RENDA FIXA FUNDO DE  INV EM COTAS DE FUNDOS DE INV,0.0,19,-72,-20.436619733686346,13.972255,20210923,197999495.8,0.16248454925528688,-3,105.18375156997934
60.701.190/0001-04,27945502000141,Fundo de Renda Fixa,ITAÚ FLEXPREV JURO REAL TARGET 2026 RENDA FIXA FUNDO DE  INV EM COTAS DE FUNDOS DE INV,0.0,19,-72,-20.436619733686346,13.977898,20210924,195827785.11,0.13197237013641772,22,474.6228154787405
60.701.190/0001-04,27945502000141,Fundo de Renda Fixa,ITAÚ FLEXPREV JURO REAL TARGET 2026 RENDA FIXA FUNDO DE  INV EM COTAS DE FUNDOS DE INV,0.0,19,-72,-20.436619733686346,13.97992,20210927,194173285.54,0.6623737542178489,9,235.42972842174143
60.701.190/0001-04,27945502000141,Fundo de Renda Fixa,ITAÚ FLEXPREV JURO REAL TARGET 2026 RENDA FIXA FUNDO DE  INV EM COTAS DE FUNDOS DE INV,0.0,19,-72,-20.436619733686346,13.976294,20210928,193821551.18,0.4620694116041011,-5,185.44280075058538
60.701.190/0001-04,27945502000141,Fundo de Renda Fixa,ITAÚ FLEXPREV JURO REAL TARGET 2026 RENDA FIXA FUNDO DE  INV EM COTAS DE FUNDOS DE INV,0.0,19,-72,-20.436619733686346,13.989036,20210929,193738133.05,0.5133036039285225,-29,65.66421634027908
60.701.190/0001-04,27945502000141,Fundo de Renda Fixa,ITAÚ FLEXPREV JURO REAL TARGET 2026 RENDA FIXA FUNDO DE  INV EM COTAS DE FUNDOS DE INV,0.0,19,-72,-20.436619733686346,13.965209,20210930,193080491.95,0.7419718437872193,-12,447.20848279058055
59.281.253/0001-23,37843087000179,Fundo de Renda Fixa,VTR DOUBLE INCOME FUNDO DE INVESTIMENTO RENDA FIXA,0.0,41,-31,-1.8292965671020553,0.9994774999999999,20210722,23160414.57,0.4872105786701979,-23,236.87191068646246
59.281.253/0001-23,37843087000179,Fundo de Renda Fixa,VTR DOUBLE INCOME FUNDO DE INVESTIMENTO RENDA FIXA,0.0,41,-31,-1.8292965671020553,0.9948948999999999,20210723,23150221.18,0.9063007060085085,-6,191.38364568223338
59.281.253/0001-23,37843087000179,Fundo de Renda Fixa,VTR DOUBLE INCOME FUNDO DE INVESTIMENTO RENDA FIXA,0.0,41,-31,-1.8292965671020553,0.9921681,20210726,23089597.19,0.9382757253381601,8,431.69493330239465
59.281.253/0001-23,37843087000179,Fundo de Renda Fixa,VTR DOUBLE INCOME FUNDO DE INVESTIMENTO RENDA FIXA,0.0,41,-31,-1.8292965671020553,0.9874423,20210727,22920518.9,0.7272837255515195,7,23.24873276713785
59.281.253/0001-23,37843087000179,Fundo de Renda Fixa,VTR DOUBLE INCOME FUNDO DE INVESTIMENTO RENDA FIXA,0.0,41,-31,-1.8292965671020553,0.9877756999999999,20210728,22957920.84,0.6058629175285429,-30,104.80854251480093
59.281.253/0001-23,37843087000179,Fundo de Renda Fixa,VTR DOUBLE INCOME FUNDO DE INVESTIMENTO RENDA FIXA,0.0,41,-31,-1.8292965671020553,0.9886984999999999,20210729,22920568.8,0.2696123912002142,24,255.95402374935426
59.281.253/0001-23,37843087000179,Fundo de Renda Fixa,VTR DOUBLE INCOME FUNDO DE INVESTIMENTO RENDA FIXA,0.0,41,-31,-1.8292965671020553,0.9795338,20210730,22785098.16,0.5036883320871239,-22,110.52729434572639
59.281.253/0001-23,37843087000179,Fundo de Renda Fixa,VTR DOUBLE INCOME FUNDO DE INVESTIMENTO RENDA FIXA,0.0,41,-31,-1.8292965671020553,0.9804706,20210802,22834664.84,0.7282406896847411,-19,160.22852636579438
59.281.253/0001-23,37843087000179,Fundo de Renda Fixa,VTR DOUBLE INCOME FUNDO DE INVESTIMENTO RENDA FIXA,0.0,41,-31,-1.8292965671020553,0.9838619999999999,20210803,22843853.01,0.43538131268251645,-7,19.813337768215643
59.281.253/0001-23,37843087000179,Fundo de Renda Fixa,VTR DOUBLE INCOME FUNDO DE INVESTIMENTO RENDA FIXA,0.0,41,-31,-1.8292965671020553,0.9835100000000001,20210804,22913926.57,0.6847773372440957,26,153.97310409187327
59.281.253/0001-23,37843087000179,Fundo de Renda Fixa,VTR DOUBLE INCOME FUNDO DE INVESTIMENTO RENDA FIXA,0.0,41,-31,-1.8292965671020553,0.9747448,20210805,22668952.16,0.9957279165100307,12,189.39094300215908
59.281.253/0001-23,37843087000179,Fundo de Renda Fixa,VTR DOUBLE INCOME FUNDO DE INVESTIMENTO RENDA FIXA,0.0,41,-31,-1.8292965671020553,0.9741209999999999,20210806,22745733.97,0.5584556694435531,3,345.36414278429675
59.281.253/0001-23,37843087000179,Fundo de Renda Fixa,VTR DOUBLE INCOME FUNDO DE INVESTIMENTO RENDA FIXA,0.0,41,-31,-1.8292965671020553,0.9671086,20210809,22528124.07,0.7221008433444395,-22,304.60818440959497
59.281.253/0001-23,37843087000179,Fundo de Renda Fixa,VTR DOUBLE INCOME FUNDO DE INVESTIMENTO RENDA FIXA,0.0,41,-31,-1.8292965671020553,0.9680673999999999,20210810,22550457.56,0.676807447617472,14,316.79974591366357
59.281.253/0001-23,37843087000179,Fundo de Renda Fixa,VTR DOUBLE INCOME FUNDO DE INVESTIMENTO RENDA FIXA,0.0,41,-31,-1.8292965671020553,0.9655509999999999,20210811,22368546.39,0.7197963056882735,10,488.7019942275626
59.281.253/0001-23,37843087000179,Fundo de Renda Fixa,VTR DOUBLE INCOME FUNDO DE INVESTIMENTO RENDA FIXA,0.0,41,-31,-1.8292965671020553,0.9592052,20210812,22259903.88,0.07525904632449654,6,262.99821666597603
59.281.253/0001-23,37843087000179,Fundo de Renda Fixa,VTR DOUBLE INCOME FUNDO DE INVESTIMENTO RENDA FIXA,0.0,41,-31,-1.8292965671020553,0.9501514,20210813,21959241.96,0.9335775132187325,-10,107.45878167829609
59.281.253/0001-23,37843087000179,Fundo de Renda Fixa,VTR DOUBLE INCOME FUNDO DE INVESTIMENTO RENDA FIXA,0.0,41,-31,-1.8292965671020553,0.9454855999999999,20210816,21852160.17,0.353675771401178,-16,445.61054630496324
59.281.253/0001-23,37843087000179,Fundo de Renda Fixa,VTR DOUBLE INCOME FUNDO DE INVESTIMENTO RENDA FIXA,0.0,41,-31,-1.8292965671020553,0.9465889999999999,20210817,21818792.55,0.38323954384462644,-19,397.35237020633105
59.281.253/0001-23,37843087000179,Fundo de Renda Fixa,VTR DOUBLE INCOME FUNDO DE INVESTIMENTO RENDA FIXA,0.0,41,-31,-1.8292965671020553,0.9358048,20210818,21630950.62,0.7830622822066672,19,422.61756082229954
59.281.253/0001-23,37843087000179,Fundo de Renda Fixa,VTR DOUBLE INCOME FUNDO DE INVESTIMENTO RENDA FIXA,0.0,41,-31,-1.8292965671020553,0.9416749,20210819,21827193.1,0.06041898375178978,-16,126.33167212454482
59.281.253/0001-23,37843087000179,Fundo de Renda Fixa,VTR DOUBLE INCOME FUNDO DE INVESTIMENTO RENDA FIXA,0.0,41,-31,-1.8292965671020553,0.9486428,20210820,21998789.91,0.41699812596728547,5,134.9485426486021
59.281.253/0001-23,37843087000179,Fundo de Renda Fixa,VTR DOUBLE INCOME FUNDO DE INVESTIMENTO RENDA FIXA,0.0,41,-31,-1.8292965671020553,0.942718,20210823,21828756.7,0.21884523503881181,-11,367.81866526988426
59.281.253/0001-23,37843087000179,Fundo de Renda Fixa,VTR DOUBLE INCOME FUNDO DE INVESTIMENTO RENDA FIXA,0.0,41,-31,-1.8292965671020553,0.9526623999999999,20210824,22059509.58,0.44001666307778653,4,321.0642543338584
59.281.253/0001-23,37843087000179,Fundo de Renda Fixa,VTR DOUBLE INCOME FUNDO DE INVESTIMENTO RENDA FIXA,0.0,41,-31,-1.8292965671020553,0.9637521,20210825,22288693.03,0.8996213151853625,5,292.62792905033467
59.281.253/0001-23,37843087000179,Fundo de Renda Fixa,VTR DOUBLE INCOME FUNDO DE INVESTIMENTO RENDA FIXA,0.0,41,-31,-1.8292965671020553,0.962768,20210826,22265933.56,0.9474865571586858,-8,297.843482222332
59.281.253/0001-23,37843087000179,Fundo de Renda Fixa,VTR DOUBLE INCOME FUNDO DE INVESTIMENTO RENDA FIXA,0.0,41,-31,-1.8292965671020553,0.9671230999999999,20210827,22363758.79,0.8709205501629801,-20,327.499902131559
59.281.253/0001-23,37843087000179,Fundo de Renda Fixa,VTR DOUBLE INCOME FUNDO DE INVESTIMENTO RENDA FIXA,0.0,41,-31,-1.8292965671020553,0.964681,20210830,22336892.15,0.5260120381746796,23,203.98821209635176
59.281.253/0001-23,37843087000179,Fundo de Renda Fixa,VTR DOUBLE INCOME FUNDO DE INVESTIMENTO RENDA FIXA,0.0,41,-31,-1.8292965671020553,0.9576186,20210831,22195120.77,0.8716987442701186,3,354.58464436735045
59.281.253/0001-23,37843087000179,Fundo de Renda Fixa,VTR DOUBLE INCOME FUNDO DE INVESTIMENTO RENDA FIXA,0.0,41,-31,-1.8292965671020553,0.959592,20210901,22380454.57,0.8709055761969721,-23,35.046017903335944
59.281.253/0001-23,37843087000179,Fundo de Renda Fixa,VTR DOUBLE INCOME FUNDO DE INVESTIMENTO RENDA FIXA,0.0,41,-31,-1.8292965671020553,0.9531006999999999,20210902,22035643.48,0.038556212260942746,16,296.8235907477558
59.281.253/0001-23,37843087000179,Fundo de Renda Fixa,VTR DOUBLE INCOME FUNDO DE INVESTIMENTO RENDA FIXA,0.0,41,-31,-1.8292965671020553,0.950645,20210903,22036561.83,0.0418127544389002,27,362.5091434795218
59.281.253/0001-23,37843087000179,Fundo de Renda Fixa,VTR DOUBLE INCOME FUNDO DE INVESTIMENTO RENDA FIXA,0.0,41,-31,-1.8292965671020553,0.9509521999999999,20210906,22075584.05,0.5207759162778856,-3,211.3077231311975
59.281.253/0001-23,37843087000179,Fundo de Renda Fixa,VTR DOUBLE INCOME FUNDO DE INVESTIMENTO RENDA FIXA,0.0,41,-31,-1.8292965671020553,0.9424751,20210908,21786910.91,0.06570060920402931,0,214.5461489971937
59.281.253/0001-23,37843087000179,Fundo de Renda Fixa,VTR DOUBLE INCOME FUNDO DE INVESTIMENTO RENDA FIXA,0.0,41,-31,-1.8292965671020553,0.9517509999999999,20210909,22012979.19,0.6730941182925568,-24,338.45858957688836
59.281.253/0001-23,37843087000179,Fundo de Renda Fixa,VTR DOUBLE INCOME FUNDO DE INVESTIMENTO RENDA FIXA,0.0,41,-31,-1.8292965671020553,0.9535566,20210910,22120845.64,0.7486565725817365,8,152.22041052791562
59.281.253/0001-23,37843087000179,Fundo de Renda Fixa,VTR DOUBLE INCOME FUNDO DE INVESTIMENTO RENDA FIXA,0.0,41,-31,-1.8292965671020553,0.956723,20210913,22194300.74,0.5033310795743016,-30,234.9450011042723
59.281.253/0001-23,37843087000179,Fundo de Renda Fixa,VTR DOUBLE INCOME FUNDO DE INVESTIMENTO RENDA FIXA,0.0,41,-31,-1.8292965671020553,0.9573381999999999,20210914,22208572.61,0.8037281480134784,-20,90.16336143899778
59.281.253/0001-23,37843087000179,Fundo de Renda Fixa,VTR DOUBLE INCOME FUNDO DE INVESTIMENTO RENDA FIXA,0.0,41,-31,-1.8292965671020553,0.957606,20210915,21881710.66,0.14240030178085594,-18,182.80671319962755
59.281.253/0001-23,37843087000179,Fundo de Renda Fixa,VTR DOUBLE INCOME FUNDO DE INVESTIMENTO RENDA FIXA,0.0,41,-31,-1.8292965671020553,0.9551470999999999,20210916,21864393.27,0.7451820236642127,-26,464.3801429435792
59.281.253/0001-23,37843087000179,Fundo de Renda Fixa,VTR DOUBLE INCOME FUNDO DE INVESTIMENTO RENDA FIXA,0.0,41,-31,-1.8292965671020553,0.9518525,20210917,21788103.59,0.7693408691081605,13,470.3454193239308
59.281.253/0001-23,37843087000179,Fundo de Renda Fixa,VTR DOUBLE INCOME FUNDO DE INVESTIMENTO RENDA FIXA,0.0,41,-31,-1.8292965671020553,0.9526941999999999,20210920,21875423.96,0.8533517708764795,-23,33.34484327369386
59.281.253/0001-23,37843087000179,Fundo de Renda Fixa,VTR DOUBLE INCOME FUNDO DE INVESTIMENTO RENDA FIXA,0.0,41,-31,-1.8292965671020553,0.9571619,20210921,21310052.32,0.3017579724974888,27,405.95105605013316
59.281.253/0001-23,37843087000179,Fundo de Renda Fixa,VTR DOUBLE INCOME FUNDO DE INVESTIMENTO RENDA FIXA,0.0,41,-31,-1.8292965671020553,0.958259,20210922,21363320.92,0.8608217885146832,20,163.57394554081733
59.281.253/0001-23,37843087000179,Fundo de Renda Fixa,VTR DOUBLE INCOME FUNDO DE INVESTIMENTO RENDA FIXA,0.0,41,-31,-1.8292965671020553,0.9523393,20210923,21251339.75,0.6977321232624476,21,143.8686594069738
59.281.253/0001-23,37843087000179,Fundo de Renda Fixa,VTR DOUBLE INCOME FUNDO DE INVESTIMENTO RENDA FIXA,0.0,41,-31,-1.8292965671020553,0.9509837,20210924,21248892.75,0.4129434261072966,13,72.1130076989443
59.281.253/0001-23,37843087000179,Fundo de Renda Fixa,VTR DOUBLE INCOME FUNDO DE INVESTIMENTO RENDA FIXA,0.0,41,-31,-1.8292965671020553,0.9504093,20210927,21264023.89,0.2800081141807127,19,149.48637721374075
59.281.253/0001-23,37843087000179,Fundo de Renda Fixa,VTR DOUBLE INCOME FUNDO DE INVESTIMENTO RENDA FIXA,0.0,41,-31,-1.8292965671020553,0.948247,20210928,21097443.92,0.03222529044490807,10,479.76944659113514
59.281.253/0001-23,37843087000179,Fundo de Renda Fixa,VTR DOUBLE INCOME FUNDO DE INVESTIMENTO RENDA FIXA,0.0,41,-31,-1.8292965671020553,0.9492579999999999,20210929,21119937.06,0.048183391025836686,-14,453.0050347348771
59.281.253/0001-23,37843087000179,Fundo de Renda Fixa,VTR DOUBLE INCOME FUNDO DE INVESTIMENTO RENDA FIXA,0.0,41,-31,-1.8292965671020553,0.9447745,20210930,21020183.76,0.2592239019213586,-17,232.85712147171793
00.066.670/0001-00,12518290000149,Fundo Multimercado,LIN FUNDO DE INVESTIMENTO EM COTAS DE FI MULTIMERCADO CRÉDITO PRIVADO INVESTIMENTO NO EXTERIOR,0.0,7,14,36.94990082355038,237.6853546,20210722,20613050.59,0.5178534419869525,-20,87.5469861344646
00.066.670/0001-00,12518290000149,Fundo Multimercado,LIN FUNDO DE INVESTIMENTO EM COTAS DE FI MULTIMERCADO CRÉDITO PRIVADO INVESTIMENTO NO EXTERIOR,0.0,7,14,36.94990082355038,237.4080219,20210723,20588999.16,0.18903449179521248,-26,57.316826184948596
00.066.670/0001-00,12518290000149,Fundo Multimercado,LIN FUNDO DE INVESTIMENTO EM COTAS DE FI MULTIMERCADO CRÉDITO PRIVADO INVESTIMENTO NO EXTERIOR,0.0,7,14,36.94990082355038,237.0292623,20210726,20556151.57,0.3821210008963122,-12,50.61698652191238
00.066.670/0001-00,12518290000149,Fundo Multimercado,LIN FUNDO DE INVESTIMENTO EM COTAS DE FI MULTIMERCADO CRÉDITO PRIVADO INVESTIMENTO NO EXTERIOR,0.0,7,14,36.94990082355038,235.5617538,20210727,20428883.21,0.8969518081763258,7,58.45355513467953
00.066.670/0001-00,12518290000149,Fundo Multimercado,LIN FUNDO DE INVESTIMENTO EM COTAS DE FI MULTIMERCADO CRÉDITO PRIVADO INVESTIMENTO NO EXTERIOR,0.0,7,14,36.94990082355038,236.2823694,20210728,20491377.95,0.988759332003521,11,266.1504207783957
00.066.670/0001-00,12518290000149,Fundo Multimercado,LIN FUNDO DE INVESTIMENTO EM COTAS DE FI MULTIMERCADO CRÉDITO PRIVADO INVESTIMENTO NO EXTERIOR,0.0,7,14,36.94990082355038,236.570662,20210729,20516379.87,0.20445775165392788,4,80.8965307723602
00.066.670/0001-00,12518290000149,Fundo Multimercado,LIN FUNDO DE INVESTIMENTO EM COTAS DE FI MULTIMERCADO CRÉDITO PRIVADO INVESTIMENTO NO EXTERIOR,0.0,7,14,36.94990082355038,234.2813542,20210730,20317841.69,0.7487975100873017,-22,8.410159777971327
00.066.670/0001-00,12518290000149,Fundo Multimercado,LIN FUNDO DE INVESTIMENTO EM COTAS DE FI MULTIMERCADO CRÉDITO PRIVADO INVESTIMENTO NO EXTERIOR,0.0,7,14,36.94990082355038,234.9101496,20210802,20372373.41,0.319698180745692,-25,212.19438172746973
00.066.670/0001-00,12518290000149,Fundo Multimercado,LIN FUNDO DE INVESTIMENTO EM COTAS DE FI MULTIMERCADO CRÉDITO PRIVADO INVESTIMENTO NO EXTERIOR,0.0,7,14,36.94990082355038,234.8713224,20210803,20369006.16,0.4437179997111371,20,59.68849697278472
00.066.670/0001-00,12518290000149,Fundo Multimercado,LIN FUNDO DE INVESTIMENTO EM COTAS DE FI MULTIMERCADO CRÉDITO PRIVADO INVESTIMENTO NO EXTERIOR,0.0,7,14,36.94990082355038,234.2195759,20210804,20312484.02,0.7548413386316962,-22,375.32801029922103
00.066.670/0001-00,12518290000149,Fundo Multimercado,LIN FUNDO DE INVESTIMENTO EM COTAS DE FI MULTIMERCADO CRÉDITO PRIVADO INVESTIMENTO NO EXTERIOR,0.0,7,14,36.94990082355038,234.5409413,20210805,20340354.15,0.35228494012622746,-10,282.18872856984797
00.066.670/0001-00,12518290000149,Fundo Multimercado,LIN FUNDO DE INVESTIMENTO EM COTAS DE FI MULTIMERCADO CRÉDITO PRIVADO INVESTIMENTO NO EXTERIOR,0.0,7,14,36.94990082355038,234.8110313,20210806,20363777.47,0.5168401012061492,-24,296.4946645721788
00.066.670/0001-00,12518290000149,Fundo Multimercado,LIN FUNDO DE INVESTIMENTO EM COTAS DE FI MULTIMERCADO CRÉDITO PRIVADO INVESTIMENTO NO EXTERIOR,0.0,7,14,36.94990082355038,235.1061477,20210809,20389371.17,0.15504856820235757,-21,90.03879440460855
00.066.670/0001-00,12518290000149,Fundo Multimercado,LIN FUNDO DE INVESTIMENTO EM COTAS DE FI MULTIMERCADO CRÉDITO PRIVADO INVESTIMENTO NO EXTERIOR,0.0,7,14,36.94990082355038,234.5928626,20210810,20344856.98,0.034162636592899864,-7,290.09487165161306
00.066.670/0001-00,12518290000149,Fundo Multimercado,LIN FUNDO DE INVESTIMENTO EM COTAS DE FI MULTIMERCADO CRÉDITO PRIVADO INVESTIMENTO NO EXTERIOR,0.0,7,14,36.94990082355038,234.5965503,20210811,20345176.79,0.08414312401482449,15,377.11957876194253
00.066.670/0001-00,12518290000149,Fundo Multimercado,LIN FUNDO DE INVESTIMENTO EM COTAS DE FI MULTIMERCADO CRÉDITO PRIVADO INVESTIMENTO NO EXTERIOR,0.0,7,14,36.94990082355038,233.9410279,20210812,20288327.2,0.5435475386255487,15,75.65946142759833
00.066.670/0001-00,12518290000149,Fundo Multimercado,LIN FUNDO DE INVESTIMENTO EM COTAS DE FI MULTIMERCADO CRÉDITO PRIVADO INVESTIMENTO NO EXTERIOR,0.0,7,14,36.94990082355038,233.5801923,20210813,20257034.05,0.6128879656708254,-8,443.7549297137951
00.066.670/0001-00,12518290000149,Fundo Multimercado,LIN FUNDO DE INVESTIMENTO EM COTAS DE FI MULTIMERCADO CRÉDITO PRIVADO INVESTIMENTO NO EXTERIOR,0.0,7,14,36.94990082355038,230.9646587,20210816,20030204.23,0.4066624737307716,-1,337.6015828894766
00.066.670/0001-00,12518290000149,Fundo Multimercado,LIN FUNDO DE INVESTIMENTO EM COTAS DE FI MULTIMERCADO CRÉDITO PRIVADO INVESTIMENTO NO EXTERIOR,0.0,7,14,36.94990082355038,229.5553941,20210817,19907987.01,0.13580440526850268,-22,235.74805082719553
00.066.670/0001-00,12518290000149,Fundo Multimercado,LIN FUNDO DE INVESTIMENTO EM COTAS DE FI MULTIMERCADO CRÉDITO PRIVADO INVESTIMENTO NO EXTERIOR,0.0,7,14,36.94990082355038,229.3738305,20210818,19892241.07,0.5738371916638056,10,312.4328310370134
00.066.670/0001-00,12518290000149,Fundo Multimercado,LIN FUNDO DE INVESTIMENTO EM COTAS DE FI MULTIMERCADO CRÉDITO PRIVADO INVESTIMENTO NO EXTERIOR,0.0,7,14,36.94990082355038,230.7925605,20210819,20015279.17,0.7576916461832446,20,19.4622983834451
00.066.670/0001-00,12518290000149,Fundo Multimercado,LIN FUNDO DE INVESTIMENTO EM COTAS DE FI MULTIMERCADO CRÉDITO PRIVADO INVESTIMENTO NO EXTERIOR,0.0,7,14,36.94990082355038,231.7210105,20210820,20095798.17,0.4527724227051091,4,410.161009685507
00.066.670/0001-00,12518290000149,Fundo Multimercado,LIN FUNDO DE INVESTIMENTO EM COTAS DE FI MULTIMERCADO CRÉDITO PRIVADO INVESTIMENTO NO EXTERIOR,0.0,7,14,36.94990082355038,231.0571495,20210823,20038225.41,0.22920933507490893,-22,170.90379168439208
00.066.670/0001-00,12518290000149,Fundo Multimercado,LIN FUNDO DE INVESTIMENTO EM COTAS DE FI MULTIMERCADO CRÉDITO PRIVADO INVESTIMENTO NO EXTERIOR,0.0,7,14,36.94990082355038,232.5881977,20210824,20171004.2,0.14074763932082313,-29,417.67094289170797
00.066.670/0001-00,12518290000149,Fundo Multimercado,LIN FUNDO DE INVESTIMENTO EM COTAS DE FI MULTIMERCADO CRÉDITO PRIVADO INVESTIMENTO NO EXTERIOR,0.0,7,14,36.94990082355038,233.2248376,20210825,20226216.23,0.8908807325514461,-3,399.4418345399069
00.066.670/0001-00,12518290000149,Fundo Multimercado,LIN FUNDO DE INVESTIMENTO EM COTAS DE FI MULTIMERCADO CRÉDITO PRIVADO INVESTIMENTO NO EXTERIOR,0.0,7,14,36.94990082355038,231.8776627,20210826,20109383.69,0.5052183524482727,2,16.283267242212073
00.066.670/0001-00,12518290000149,Fundo Multimercado,LIN FUNDO DE INVESTIMENTO EM COTAS DE FI MULTIMERCADO CRÉDITO PRIVADO INVESTIMENTO NO EXTERIOR,0.0,7,14,36.94990082355038,232.9978426,20210827,20206530.29,0.37535009026847477,-21,214.85352662273465
00.066.670/0001-00,12518290000149,Fundo Multimercado,LIN FUNDO DE INVESTIMENTO EM COTAS DE FI MULTIMERCADO CRÉDITO PRIVADO INVESTIMENTO NO EXTERIOR,0.0,7,14,36.94990082355038,232.6937635,20210830,20180159.3,0.2854024137705662,-13,226.6985574441565
00.066.670/0001-00,12518290000149,Fundo Multimercado,LIN FUNDO DE INVESTIMENTO EM COTAS DE FI MULTIMERCADO CRÉDITO PRIVADO INVESTIMENTO NO EXTERIOR,0.0,7,14,36.94990082355038,232.0259901,20210831,20122247.25,0.5701201325720193,-4,387.98337152715044
00.066.670/0001-00,12518290000149,Fundo Multimercado,LIN FUNDO DE INVESTIMENTO EM COTAS DE FI MULTIMERCADO CRÉDITO PRIVADO INVESTIMENTO NO EXTERIOR,0.0,7,14,36.94990082355038,232.1672346,20210901,20134496.55,0.8195517765016394,26,64.82300906061539
00.066.670/0001-00,12518290000149,Fundo Multimercado,LIN FUNDO DE INVESTIMENTO EM COTAS DE FI MULTIMERCADO CRÉDITO PRIVADO INVESTIMENTO NO EXTERIOR,0.0,7,14,36.94990082355038,230.8225195,20210902,20017877.33,0.6123590706157036,-27,328.88170741028995
00.066.670/0001-00,12518290000149,Fundo Multimercado,LIN FUNDO DE INVESTIMENTO EM COTAS DE FI MULTIMERCADO CRÉDITO PRIVADO INVESTIMENTO NO EXTERIOR,0.0,7,14,36.94990082355038,230.9315891,20210903,20027336.3,0.4148197347358237,-28,245.7216430323632
00.066.670/0001-00,12518290000149,Fundo Multimercado,LIN FUNDO DE INVESTIMENTO EM COTAS DE FI MULTIMERCADO CRÉDITO PRIVADO INVESTIMENTO NO EXTERIOR,0.0,7,14,36.94990082355038,231.5538232,20210906,20081299.0,0.3794714406187174,7,18.44035559294316
00.066.670/0001-00,12518290000149,Fundo Multimercado,LIN FUNDO DE INVESTIMENTO EM COTAS DE FI MULTIMERCADO CRÉDITO PRIVADO INVESTIMENTO NO EXTERIOR,0.0,7,14,36.94990082355038,229.1849504,20210908,19875860.61,0.14672374193973847,10,336.0941149327991
00.066.670/0001-00,12518290000149,Fundo Multimercado,LIN FUNDO DE INVESTIMENTO EM COTAS DE FI MULTIMERCADO CRÉDITO PRIVADO INVESTIMENTO NO EXTERIOR,0.0,7,14,36.94990082355038,230.3501992,20210909,19976915.78,0.316671051390332,-27,101.48352156751899
00.066.670/0001-00,12518290000149,Fundo Multimercado,LIN FUNDO DE INVESTIMENTO EM COTAS DE FI MULTIMERCADO CRÉDITO PRIVADO INVESTIMENTO NO EXTERIOR,0.0,7,14,36.94990082355038,230.1164151,20210910,19956641.06,0.022705064012282117,7,442.02192986247735
00.066.670/0001-00,12518290000149,Fundo Multimercado,LIN FUNDO DE INVESTIMENTO EM COTAS DE FI MULTIMERCADO CRÉDITO PRIVADO INVESTIMENTO NO EXTERIOR,0.0,7,14,36.94990082355038,231.3458306,20210913,20063261.02,0.5893092146579432,-10,48.31135257968866
00.066.670/0001-00,12518290000149,Fundo Multimercado,LIN FUNDO DE INVESTIMENTO EM COTAS DE FI MULTIMERCADO CRÉDITO PRIVADO INVESTIMENTO NO EXTERIOR,0.0,7,14,36.94990082355038,231.8694948,20210914,20108675.33,0.010107235508825307,25,468.18090526253883
00.066.670/0001-00,12518290000149,Fundo Multimercado,LIN FUNDO DE INVESTIMENTO EM COTAS DE FI MULTIMERCADO CRÉDITO PRIVADO INVESTIMENTO NO EXTERIOR,0.0,7,14,36.94990082355038,231.8319911,20210915,20105422.86,0.15988489900784186,29,115.35460393465102
00.066.670/0001-00,12518290000149,Fundo Multimercado,LIN FUNDO DE INVESTIMENTO EM COTAS DE FI MULTIMERCADO CRÉDITO PRIVADO INVESTIMENTO NO EXTERIOR,0.0,7,14,36.94990082355038,231.208106,20210916,20051316.98,0.24784316192865263,-16,56.895174604350395
00.066.670/0001-00,12518290000149,Fundo Multimercado,LIN FUNDO DE INVESTIMENTO EM COTAS DE FI MULTIMERCADO CRÉDITO PRIVADO INVESTIMENTO NO EXTERIOR,0.0,7,14,36.94990082355038,230.4686559,20210917,19987188.83,0.5535132840101977,-15,357.2437749779109
00.066.670/0001-00,12518290000149,Fundo Multimercado,LIN FUNDO DE INVESTIMENTO EM COTAS DE FI MULTIMERCADO CRÉDITO PRIVADO INVESTIMENTO NO EXTERIOR,0.0,7,14,36.94990082355038,228.7672914,20210920,19839639.51,0.8539842564241644,19,231.10333158426
00.066.670/0001-00,12518290000149,Fundo Multimercado,LIN FUNDO DE INVESTIMENTO EM COTAS DE FI MULTIMERCADO CRÉDITO PRIVADO INVESTIMENTO NO EXTERIOR,0.0,7,14,36.94990082355038,229.9868655,20210921,19945405.99,0.2934589110539695,-19,154.95238044110388
00.066.670/0001-00,12518290000149,Fundo Multimercado,LIN FUNDO DE INVESTIMENTO EM COTAS DE FI MULTIMERCADO CRÉDITO PRIVADO INVESTIMENTO NO EXTERIOR,0.0,7,14,36.94990082355038,230.7284945,20210922,20009723.1,0.018266179649384928,-16,181.81167401949338
00.066.670/0001-00,12518290000149,Fundo Multimercado,LIN FUNDO DE INVESTIMENTO EM COTAS DE FI MULTIMERCADO CRÉDITO PRIVADO INVESTIMENTO NO EXTERIOR,0.0,7,14,36.94990082355038,231.5442808,20210923,20080471.44,0.7163638186134154,1,171.5825694754673
00.066.670/0001-00,12518290000149,Fundo Multimercado,LIN FUNDO DE INVESTIMENTO EM COTAS DE FI MULTIMERCADO CRÉDITO PRIVADO INVESTIMENTO NO EXTERIOR,0.0,7,14,36.94990082355038,231.3165697,20210924,20060723.4,0.38098640979082055,2,140.15581888449213
00.066.670/0001-00,12518290000149,Fundo Multimercado,LIN FUNDO DE INVESTIMENTO EM COTAS DE FI MULTIMERCADO CRÉDITO PRIVADO INVESTIMENTO NO EXTERIOR,0.0,7,14,36.94990082355038,230.8500455,20210927,20020264.5,0.9304877644171071,-6,464.4400139077869
00.066.670/0001-00,12518290000149,Fundo Multimercado,LIN FUNDO DE INVESTIMENTO EM COTAS DE FI MULTIMERCADO CRÉDITO PRIVADO INVESTIMENTO NO EXTERIOR,0.0,7,14,36.94990082355038,228.6201815,20210928,19826881.53,0.4385695030499981,15,126.7406616771442
00.066.670/0001-00,12518290000149,Fundo Multimercado,LIN FUNDO DE INVESTIMENTO EM COTAS DE FI MULTIMERCADO CRÉDITO PRIVADO INVESTIMENTO NO EXTERIOR,0.0,7,14,36.94990082355038,228.7008028,20210929,19833873.34,0.02283732002396832,-22,68.09626327969065
00.066.670/0001-00,12518290000149,Fundo Multimercado,LIN FUNDO DE INVESTIMENTO EM COTAS DE FI MULTIMERCADO CRÉDITO PRIVADO INVESTIMENTO NO EXTERIOR,0.0,7,14,36.94990082355038,228.754974098,20210930,19838571.3,0.9544583447778431,18,69.72938590410038
